{
  "IcoMoonType": "selection",
  "icons": [
    {
      "icon": {
        "paths": [
          "M377.651 345.344c-22.886 14.080 61.286 217.19 81.818 250.266 17.92 29.133 55.962 37.99 84.89 20.173 29.082-18.022 38.144-56.013 20.224-84.992-20.326-33.178-164.096-199.578-186.931-185.446zM360.499 122.982c47.514-16.538 98.406-25.702 151.501-25.702s103.987 9.165 151.501 25.702c16.845 5.837 39.168-5.888 29.286-31.283-7.219-18.432-14.182-36.454-16.998-43.776-6.707-17.357-30.72-31.693-41.165-34.048-39.526-8.909-80.486-13.875-122.624-13.875s-83.098 4.966-122.675 13.875c-10.445 2.355-34.406 16.691-41.114 34.048-2.816 7.322-9.83 25.344-16.998 43.776-9.882 25.395 12.442 37.171 29.286 31.283zM977.818 163.123c-9.83-11.776-20.275-23.296-31.386-34.406-11.059-11.11-22.579-21.504-34.304-31.386-7.834-6.605-30.874-11.981-45.466 2.611-14.541 14.592-84.378 84.326-84.378 84.326 20.582 14.746 40.602 30.976 59.136 49.459s34.662 38.502 49.459 59.136c0 0 69.786-69.734 84.326-84.326 14.643-14.643 9.267-37.632 2.611-45.414zM512 148.48c-229.12 0-414.771 185.651-414.771 414.72 0 229.12 185.651 414.771 414.771 414.771 229.018 0 414.72-185.651 414.72-414.771 0-229.018-185.702-414.72-414.72-414.72zM512 875.571c-172.442 0-312.32-139.827-312.32-312.32s139.827-312.32 312.32-312.32c172.493 0 312.371 139.827 312.371 312.32 0 172.442-139.878 312.32-312.371 312.32z"
        ],
        "attrs": [],
        "isMulticolor": false,
        "isMulticolor2": false,
        "tags": [
          "stopwatch"
        ],
        "grid": 20
      },
      "attrs": [],
      "properties": {
        "id": 287,
        "order": 7,
        "prevSize": 20,
        "name": "stopwatch"
      },
      "setIdx": 0,
      "setId": 2,
      "iconIdx": 286
    },
    {
      "icon": {
        "paths": [
          "M576 706.612v-52.78c70.498-39.728 128-138.772 128-237.832 0-159.058 0-288-192-288s-192 128.942-192 288c0 99.060 57.502 198.104 128 237.832v52.78c-217.102 17.748-384 124.42-384 253.388h896c0-128.968-166.898-235.64-384-253.388z"
        ],
        "tags": [
          "user",
          "profile",
          "avatar",
          "person",
          "member"
        ],
        "defaultCode": 59761,
        "grid": 16,
        "attrs": []
      },
      "attrs": [],
      "properties": {
        "ligatures": "user, profile2",
        "name": "user",
        "order": 5,
        "id": 114,
        "prevSize": 32
      },
      "setIdx": 1,
      "setId": 1,
      "iconIdx": 113
    },
    {
      "icon": {
        "paths": [
          "M896 256h-192v-128c0-35.2-28.8-64-64-64h-256c-35.2 0-64 28.8-64 64v128h-192c-70.4 0-128 57.6-128 128v512c0 70.4 57.6 128 128 128h768c70.4 0 128-57.6 128-128v-512c0-70.4-57.6-128-128-128zM384 128h256v128h-256v-128zM768 704h-192v192h-128v-192h-192v-128h192v-192h128v192h192v128z"
        ],
        "tags": [
          "aid-kit",
          "health",
          "medicine",
          "medical"
        ],
        "defaultCode": 59800,
        "grid": 16,
        "attrs": []
      },
      "attrs": [],
      "properties": {
        "ligatures": "aid-kit, health",
        "name": "aid-kit",
        "order": 6,
        "id": 153,
        "prevSize": 32
      },
      "setIdx": 1,
      "setId": 1,
      "iconIdx": 152
    }
  ],
  "height": 1024,
  "preferences": {
    "showGlyphs": true,
    "showQuickUse": true,
    "showQuickUse2": true,
    "showSVGs": true,
    "fontPref": {
      "prefix": "icon-",
      "metadata": {
        "fontFamily": "icomoon"
      },
      "metrics": {
        "emSize": 1024,
        "baseline": 6.25,
        "whitespace": 50
      },
      "embed": false
    },
    "imagePref": {
      "prefix": "icon-",
      "png": false,
      "useClassSelector": true,
      "color": 0,
      "bgColor": 16777215,
      "classSelector": ".icon",
      "name": "icomoon",
      "height": 32,
      "columns": 16,
      "margin": 16
    },
    "historySize": 50,
    "showCodes": true,
    "gridSize": 16
  }
}